FORMULIR DATA PRODUK,,,,,,,,,,,,,,,
,TOTAL JENIS PRODUK,,,TOTAL STOK TERSEDIA,,,RATA-RATA HARGA NORMAL,,,,,,,,
,26,,,260,,,"Rp2,573,077",,,,,,,,
,,,,,,,,,,,,,,,
,,,,,,,,,,,,,,,
No,Nama Produk *,Kategori,Harga Second (Harga Diskon) (Rp),Harga Rilis Baru (Rp),Berat (g),Label Status,Deskripsi / Penjelasan Produk,Link Foto,Kode Produk / SKU,Stok,Warna,RAM/ROM,Status Stok,Rekomendasi Produk?,Deskripsi
1,Infinix HOT 60 Pro,Infinix,"2,500,000","2,299,000",170,Terlaris,"Layar 144Hz AMOLED, Kamera 50MP, Helio G200, Baterai 5160mAh",-,INF-H60P-01,10,Silver,16GB/256GB,Tersedia,,Unit second sesuai foto.
2,Infinix HOT 60i,Infinix,"2,000,000",1.499.000,188,Terlaris,"Layar 120Hz IPS, Kamera 50MP, Helio G81 Ultimate, Baterai 5160mAh",-,INF-H60I-01,10,Gold,16GB/256GB,Tersedia,,Unit second sesuai foto.
3,Infinix Note 50 Pro,Infinix,"2,500,000","3,299,000",198,Terpopuler,"Layar 144Hz AMOLED, Kamera 50MP OIS, Helio G100, Baterai 5200mAh",-,INF-N50P-01,10,Hitam,16GB/256GB,Tersedia,,Unit second sesuai foto.
4,Infinix Smart 20,Infinix,"1,500,000",1.199.000,190,Terbaru,"Rilis awal 2026, Layar 120Hz IPS, Kamera 8MP, Helio G81 Ultimate",-,INF-S20-01,10,Biru,4GB/64GB,Tersedia,,Unit second sesuai foto.
5,Infinix HOT 60 Pro+,Infinix,"2,700,000","2,599,000",155,Terpopuler,"Layar 144Hz 3D-Curved AMOLED, Kamera 50MP, Helio G200",-,INF-H60PP-01,10,Silver,8GB/256GB,Tersedia,,Unit second sesuai foto.
6,Infinix GT 30,Infinix,"2,000,000","3,499,000",187,Terpopuler,"Gaming Edition, 144Hz AMOLED, Dimensity 7400, Kamera 64MP",-,INF-GT30-01,10,-,8GB/256GB,Tersedia,,Unit second sesuai foto.
7,Oppo Reno15 F 5G,Oppo,"4,000,000",4.999.000 - 5.499.000,178,Terbaru,"Rilis Januari 2026, Layar 120Hz AMOLED, Snapdragon 6 Gen 1, IP69",-,OPP-R15F-01,10,Putih,8GB/256GB,Tersedia,,Unit second sesuai foto.
8,Oppo A78,Oppo,"1,500,000","3,599,000",180,Terlaris,"Layar 90Hz AMOLED, Kamera 50MP, Snapdragon 680 4G, Baterai 5000mAh",-,OPP-A78-01,10,Putih,8GB/256GB,Tersedia,,Unit second sesuai foto.
9,Oppo A5 Pro,Oppo,"2,500,000",2.799.000,194,Terbaru,"Rilis akhir 2025, Layar 120Hz IPS, Dimensity 6300, Tahan Banting",-,OPP-A5P-01,10,Gold,8GB/256GB,Tersedia,,Unit second sesuai foto.
10,Oppo A18,Oppo,"1,200,000","1,799,000",188,Termurah,"Layar 90Hz IPS, Kamera 8MP, Helio G85, Baterai 5000mAh",-,OPP-A18-01,10,Putih,4GB/128GB,Tersedia,,Unit second sesuai foto.
11,Oppo A60,Oppo,"2,000,000",2.599.000 - 2.999.000,186,Terlaris,"Layar 90Hz IPS, Kamera 50MP, Snapdragon 680 4G, Tahan Benturan",-,OPP-A60-01,10,Biru,8GB/256GB,Tersedia,,Unit second sesuai foto.
12,Samsung Galaxy A15,Samsung,"1,600,000",2.499.000 - 2.899.000,200,Terlaris,"Layar 90Hz Super AMOLED, Kamera 50MP, Helio G99, Baterai 5000mAh",-,SAM-A15-01,10,Biru,8GB/256GB,Tersedia,,Unit second sesuai foto.
13,Samsung Galaxy A56 5G,Samsung,"5,000,000",-,200,Terpopuler,"Jaringan 5G, Performa premium kelas menengah atas",-,SAM-A56-01,10,Hijau,12GB/256GB,Tersedia,,Unit second sesuai foto.
14,Samsung Galaxy A07,Samsung,"1,400,000",1.999.000,184,Terbaru,"Rilis Februari 2026, Layar 90Hz PLS LCD, Kamera 50MP, Dimensity 6300",-,SAM-A07-01,10,Hijau Tua,4GB/128GB,Tersedia,,Unit second sesuai foto.
15,Samsung Galaxy A26 5G,Samsung,"1,000,000",3.599.000 - 3.999.000,200,Termurah,"Layar 120Hz Super AMOLED, Kamera 50MP OIS, Exynos 1380",-,SAM-A26-01,10,-,16GB/256GB,Tersedia,,Unit second sesuai foto.
16,Samsung Galaxy A06,Samsung,"1,000,000",1.499.000 - 1.699.000,189,Termurah,"Layar 60Hz PLS LCD, Kamera 50MP, Helio G85, Baterai 5000mAh",-,SAM-A06-01,10,Hitam,4GB/128GB,Tersedia,,Unit second sesuai foto.
17,Samsung Galaxy A05s,Samsung,"1,300,000",-,194,Termurah,"Layar 90Hz PLS LCD, Kamera 50MP, Snapdragon 680 4G",-,SAM-A05S-01,10,-,6GB/128GB,Tersedia,,Unit second sesuai foto.
18,iPhone 11,iPhone,"3,500,000",-,194,Best Seller,"Layar Liquid Retina IPS, Apple A13 Bionic, Dual Kamera 12MP",-,APP-IP11-01,10,Gold,64GB,Tersedia,,Unit second sesuai foto.
19,iPhone 13,iPhone,"6,000,000",-,174,Best Seller,"Layar Super Retina XDR OLED, Apple A15 Bionic, Kamera 12MP",-,APP-IP13-01,10,Starlight,128GB,Tersedia,,Unit second sesuai foto.
20,iPhone 15,iPhone,"7,000,000",-,171,Terpopuler,"Layar Super Retina XDR OLED, Dynamic Island, Apple A16 Bionic",-,APP-IP15-01,10,Black,128GB,Tersedia,,Unit second sesuai foto.
21,iPhone 11,iPhone,"3,500,000",-,194,Best Seller,"Layar Liquid Retina IPS, Apple A13 Bionic, Dual Kamera 12MP",-,APP-IP11-02,10,White,64GB,Tersedia,,Unit second sesuai foto.
22,vivo Y21d,vivo,"2,400,000","1,999,000",209,Terbaru,"Rilis Oktober 2025, Layar 90Hz, IP69 Tahan Air, Baterai Ekstra 6500mAh",-,VIV-Y21D-01,10,Ungu,8GB/256GB,Tersedia,,Unit second sesuai foto.
23,vivo V60 Lite,vivo,"4,000,000",3.999.000,194,Terpopuler,"Layar 120Hz AMOLED, Dimensity 7360-Turbo, Kamera 50MP OIS, 6500mAh",-,VIV-V60L-01,10,Hitam,8GB/256GB,Tersedia,,Unit second sesuai foto.
24,vivo Y19s,vivo,"1,200,000",1.999.000,198,Termurah,"Layar 90Hz IPS, Kamera 50MP + Ring Light, Unisoc T612, 6000mAh",-,VIV-Y19S-01,10,Putih,6GB/128GB,Tersedia,,Unit second sesuai foto.
25,vivo Y29,vivo,"2,200,000",2.599.000,196,Terlaris,"Layar 120Hz IPS, Kamera 50MP, Snapdragon 685, Baterai 6500mAh",-,VIV-Y29-01,10,Putih,8GB/128GB,Tersedia,,Unit second sesuai foto.
26,vivo Y28,vivo,"1,400,000",2.399.000 - 2.999.000,199,Terlaris,"Layar 90Hz IPS, Kamera 50MP + Star Halo, Helio G85, Baterai 6000mAh",-,VIV-Y28-01,10,Pink Keunguan,8GB/128GB,Tersedia,,Unit second sesuai foto.
27,,,,,,,,,,,,,,,
28,,,,,,,,,,,,,,,
29,,,,,,,,,,,,,,,
30,,,,,,,,,,,,,,,
31,,,,,,,,,,,,,,,
32,,,,,,,,,,,,,,,
33,,,,,,,,,,,,,,,
34,,,,,,,,,,,,,,,
35,,,,,,,,,,,,,,,
36,,,,,,,,,,,,,,,
37,,,,,,,,,,,,,,,
38,,,,,,,,,,,,,,,
39,,,,,,,,,,,,,,,
40,,,,,,,,,,,,,,,
41,,,,,,,,,,,,,,,
42,,,,,,,,,,,,,,,
43,,,,,,,,,,,,,,,
44,,,,,,,,,,,,,,,
45,,,,,,,,,,,,,,,
46,,,,,,,,,,,,,,,
47,,,,,,,,,,,,,,,
48,,,,,,,,,,,,,,,
49,,,,,,,,,,,,,,,
50,,,,,,,,,,,,,,,
Total,,,"Rp2,573,077",,189,,,,0,,,,,,